count,words,NRM
235,CORAL,Burdekin
192,FISH,Burdekin
164,BEAUTIFUL,Burdekin
141,CORAL,Wet Tropics
124,FISH,Wet Tropics
104,BEAUTIFUL,Wet Tropics
77,FISH,Mackay Whitsunday
76,BEAUTIFUL,Fitzroy
68,BEAUTIFUL,Mackay Whitsunday
66,CORAL,Mackay Whitsunday
63,CORAL,Fitzroy
59,FISH,Fitzroy
58,BLEACHING,Burdekin
56,LIFE,Burdekin
55,WATER,Burdekin
51,BLEACHING,Wet Tropics
49,LIFE,Wet Tropics
48,REEF,Burdekin
48,TOURISM,Burdekin
47,SNORKELLING,Burdekin
46,DIVING,Wet Tropics
45,DIVING,Burdekin
44,WORLD,Burdekin
42,BEAUTY,Burdekin
38,WONDER,Burdekin
37,COLOURFUL,Burdekin
37,DYING,Burdekin
36,NATURAL,Burdekin
36,WORLD,Wet Tropics
34,BEAUTY,Wet Tropics
33,MARINE,Burdekin
33,WONDER,Wet Tropics
32,BLUE,Wet Tropics
31,OCEAN,Burdekin
31,REEF,Wet Tropics
29,BEAUTY,Fitzroy
29,TOURISM,Wet Tropics
28,DYING,Wet Tropics
28,ENDANGERED,Burdekin
28,NATURAL,Wet Tropics
27,AMAZING,Wet Tropics
27,FISHING,Fitzroy
27,GREAT,Fitzroy
27,GREAT,Wet Tropics
26,SEA,Burdekin
26,TURTLES,Burdekin
25,BLUE,Burdekin
25,REEF,Mackay Whitsunday
25,TURTLES,Wet Tropics
24,COLOURFUL,Wet Tropics
24,ECOSYSTEM,Burdekin
24,SNORKELLING,Wet Tropics
22,BEAUTY,Mackay Whitsunday
22,CLEAR,Burdekin
20,CLIMATE,Wet Tropics
20,SEA,Wet Tropics
20,WATER,Fitzroy
20,WATER,Wet Tropics
19,ENDANGERED,Wet Tropics
19,MARINE,Wet Tropics
19,NATURAL,Mackay Whitsunday
19,UNIQUE,Burdekin
19,WILDLIFE,Burdekin
18,AMAZING,Mackay Whitsunday
18,BEAUTIFUL,Burnett Mary
18,BLEACHING,Fitzroy
18,COLOUR,Wet Tropics
18,DIVING,Mackay Whitsunday
18,FISHING,Mackay Whitsunday
18,LIFE,Fitzroy
18,LIFE,Mackay Whitsunday
18,NATURE,Burdekin
17,AMAZING,Burdekin
17,CHANGE,Wet Tropics
17,FISHING,Wet Tropics
17,HERITAGE,Wet Tropics
17,NATURE,Wet Tropics
17,OCEAN,Wet Tropics
17,UNIQUE,Wet Tropics
17,WATER,Mackay Whitsunday
16,AUSTRALIA,Burdekin
16,COLOUR,Burdekin
16,FISHING,Burdekin
16,PRECIOUS,Burdekin
16,TOURISM,Fitzroy
15,BIODIVERSITY,Burdekin
15,TOURISM,Mackay Whitsunday
14,CORALS,Wet Tropics
14,HERITAGE,Burdekin
14,PRISTINE,Wet Tropics
14,QUEENSLAND,Burdekin
13,BIG,Burdekin
13,BIG,Wet Tropics
13,CHANGE,Burdekin
13,COLOURFUL,Mackay Whitsunday
13,COLOURS,Wet Tropics
13,CORALS,Burdekin
13,DIVERSITY,Burdekin
13,DIVING,Fitzroy
13,PRECIOUS,Wet Tropics
13,PROTECTION,Wet Tropics
13,TOURISTS,Wet Tropics
13,WONDER,Mackay Whitsunday
12,CLIMATE,Burdekin
12,COLOUR,Mackay Whitsunday
12,CORALS,Fitzroy
12,DIVERSE,Burdekin
12,ICONIC,Burdekin
12,MARINE,Mackay Whitsunday
12,OCEAN,Mackay Whitsunday
12,SCUBA,Wet Tropics
12,SNORKELLING,Mackay Whitsunday
11,GREEN,Burdekin
11,HOME,Mackay Whitsunday
11,OCEAN,Fitzroy
11,UNIQUE,Mackay Whitsunday
10,ANIMALS,Burdekin
10,BLEACHING,Mackay Whitsunday
10,COLOUR,Fitzroy
10,DANGER,Burdekin
10,DANGER,Wet Tropics
10,FUN,Wet Tropics
10,HOME,Wet Tropics
10,ISLANDS,Mackay Whitsunday
10,LARGE,Burdekin
10,PRETTY,Burdekin
10,SCUBA,Burdekin
10,SHARKS,Wet Tropics
10,SNORKELLING,Fitzroy
10,TOURIST,Wet Tropics
10,TOURISTS,Mackay Whitsunday
10,WONDERFUL,Wet Tropics
10,WONDERS,Burdekin
10,WORLD,Fitzroy
10,WORLD,Mackay Whitsunday
9,ADANI,Wet Tropics
9,AWESOME,Wet Tropics
9,BARRIER,Wet Tropics
9,BEACHES,Fitzroy
9,BLUE,Mackay Whitsunday
9,CLEAR,Mackay Whitsunday
9,CORAL,Burnett Mary
9,DIVERSE,Mackay Whitsunday
9,ENVIRONMENT,Burdekin
9,ENVIRONMENT,Wet Tropics
9,IMPORTANT,Burdekin
9,NATURAL,Fitzroy
9,NEEDS,Wet Tropics
9,POLLUTION,Burdekin
9,PROTECTION,Burdekin
9,THREAT,Wet Tropics
9,WONDERS,Wet Tropics
8,AWESOME,Burdekin
8,BIODIVERSITY,Wet Tropics
8,BLEACHED,Burdekin
8,BLUE,Fitzroy
8,CLEAR,Fitzroy
8,DIVERSITY,Wet Tropics
8,DYING,Fitzroy
8,DYING,Mackay Whitsunday
8,ENDANGERED,Fitzroy
8,FOR,Wet Tropics
8,FROM,Wet Tropics
8,GREEN,Wet Tropics
8,ISLANDS,Burdekin
8,LONG,Wet Tropics
8,MAJESTIC,Burdekin
8,MARINE,Fitzroy
8,NATURE,Mackay Whitsunday
8,NEMO,Burdekin
8,ONE,Burdekin
8,ONE,Wet Tropics
8,PLACE,Fitzroy
8,PRISTINE,Burdekin
8,REEF,Fitzroy
8,SAD,Wet Tropics
8,SEA,Mackay Whitsunday
8,STUNNING,Wet Tropics
8,TURTLES,Mackay Whitsunday
8,UNDER,Wet Tropics
8,WONDER,Fitzroy
7,AMAZING,Fitzroy
7,CLEAN,Burdekin
7,CLEAR,Wet Tropics
7,COLOURS,Burdekin
7,CONSERVATION,Burdekin
7,DEAD,Burdekin
7,GREAT,Mackay Whitsunday
7,HOLIDAYS,Fitzroy
7,LIVING,Wet Tropics
7,MAGNIFICENT,Wet Tropics
7,PARADISE,Burdekin
7,PRECIOUS,Mackay Whitsunday
7,QUEENSLAND,Mackay Whitsunday
7,SPECTACULAR,Mackay Whitsunday
7,THREATENED,Burdekin
7,TOURIST,Burdekin
7,UNIQUE,Fitzroy
7,WHITSUNDAYS,Mackay Whitsunday
7,WILDLIFE,Wet Tropics
6,ATTRACTION,Burdekin
6,ATTRACTION,Wet Tropics
6,AUSTRALIAN,Burdekin
6,AWESOME,Mackay Whitsunday
6,BOATS,Burdekin
6,BOATS,Mackay Whitsunday
6,CAIRNS,Burdekin
6,COLOURFUL,Fitzroy
6,DEAD,Wet Tropics
6,ENDANGERED,Burnett Mary
6,FISH,Burnett Mary
6,FISHES,Wet Tropics
6,FRAGILE,Burdekin
6,GORGEOUS,Burdekin
6,ISLAND,Burdekin
6,MAGIC,Burdekin
6,NEMO,Wet Tropics
6,PLACE,Wet Tropics
6,POLLUTION,Fitzroy
6,POLLUTION,Wet Tropics
6,PROTECTED,Burdekin
6,RARE,Wet Tropics
6,REEFS,Burdekin
6,SAND,Burdekin
6,SUN,Burdekin
6,THREAT,Burdekin
6,TOURISTS,Burdekin
6,TROPICAL,Burdekin
6,VAST,Burdekin
6,WONDERFUL,Burdekin
5,ADANI,Burdekin
5,AFTER,Wet Tropics
5,ANIMALS,Wet Tropics
5,AUSTRALIA,Wet Tropics
5,BEACH,Burdekin
5,BIG,Mackay Whitsunday
5,COAL,Burdekin
5,DIVERSITY,Fitzroy
5,ECOSYSTEM,Fitzroy
5,ECOSYSTEM,Mackay Whitsunday
5,FISHES,Fitzroy
5,FRAGILE,Mackay Whitsunday
5,GOOD,Fitzroy
5,GREAT,Burdekin
5,HOLIDAYS,Burdekin
5,HOME,Burdekin
5,HUGE,Wet Tropics
5,ICON,Burdekin
5,ICONIC,Mackay Whitsunday
5,IMPORTANT,Wet Tropics
5,ISLANDS,Fitzroy
5,ISLANDS,Wet Tropics
5,JUST,Fitzroy
5,LOTS,Fitzroy
5,LOTS,Wet Tropics
5,MAGNIFICENT,Burdekin
5,NEEDS,Burdekin
5,NICE,Fitzroy
5,NO,Wet Tropics
5,PRETTY,Wet Tropics
5,PRISTINE,Fitzroy
5,PRISTINE,Mackay Whitsunday
5,PROTECTED,Wet Tropics
5,SEA,Fitzroy
5,SPECTACULAR,Wet Tropics
5,SUN,Wet Tropics
5,SWIMMING,Burdekin
5,SWIMMING,Wet Tropics
5,THREAT,Mackay Whitsunday
5,UNDER,Mackay Whitsunday
5,WILDLIFE,Fitzroy
4,ASSET,Burdekin
4,ATTRACTION,Mackay Whitsunday
4,AUSTRALIAN,Wet Tropics
4,BARRIER,Mackay Whitsunday
4,BEACH,Fitzroy
4,BEACH,Wet Tropics
4,BEACHES,Burdekin
4,BEAUTY,Burnett Mary
4,BOATS,Wet Tropics
4,CORALS,Mackay Whitsunday
4,CREATURES,Burdekin
4,CREATURES,Wet Tropics
4,CROWN,Wet Tropics
4,DEATH,Burdekin
4,DIFFERENT,Wet Tropics
4,ECOSYSTEMS,Burdekin
4,EXCITING,Wet Tropics
4,FROM,Mackay Whitsunday
4,FUN,Mackay Whitsunday
4,GOOD,Mackay Whitsunday
4,HABITAT,Burdekin
4,HERITAGE,Mackay Whitsunday
4,INSPIRING,Mackay Whitsunday
4,LARGE,Mackay Whitsunday
4,LARGEST,Burdekin
4,LIFE,Burnett Mary
4,MAJESTIC,Wet Tropics
4,MANY,Mackay Whitsunday
4,NATIONAL,Burdekin
4,NATIONAL,Mackay Whitsunday
4,NATURAL,Burnett Mary
4,NATURE,Fitzroy
4,NEED,Wet Tropics
4,NEEDS,Mackay Whitsunday
4,NEMO,Mackay Whitsunday
4,NORTH,Burdekin
4,NOT,Wet Tropics
4,PARK,Burdekin
4,PRESERVATION,Burdekin
4,PRETTY,Mackay Whitsunday
4,PROTECT,Wet Tropics
4,PROTECTION,Mackay Whitsunday
4,QUEENSLAND,Wet Tropics
4,RESEARCH,Burdekin
4,SALTY,Wet Tropics
4,SCUBA,Mackay Whitsunday
4,SPECIAL,Burdekin
4,SPECIAL,Wet Tropics
4,SPECIES,Wet Tropics
4,SPECTACULAR,Burdekin
4,SWIMMING,Fitzroy
4,THORNS,Wet Tropics
4,THREATENED,Mackay Whitsunday
4,TOURIST,Mackay Whitsunday
4,TROPICAL,Wet Tropics
4,TURTLES,Fitzroy
4,UNDER,Burdekin
4,VIBRANT,Burdekin
4,VITAL,Wet Tropics
4,WARMING,Wet Tropics
4,WATER,Burnett Mary
4,WHALES,Burdekin
4,WORK,Wet Tropics
4,ZONE,Burdekin
3,7,Wet Tropics
3,ABUNDANCE,Wet Tropics
3,ABUNDANT,Burdekin
3,ACIDIFICATION,Wet Tropics
3,ADVENTURE,Wet Tropics
3,ALIVE,Mackay Whitsunday
3,ALWAYS,Fitzroy
3,ANIMALS,Mackay Whitsunday
3,AUSTRALIA,Fitzroy
3,AUSTRALIA,Mackay Whitsunday
3,AUSTRALIAN,Fitzroy
3,BARRIER,Burdekin
3,BEEN,Wet Tropics
3,BIOLOGY,Burdekin
3,BREATHTAKING,Burdekin
3,CHANGE,Fitzroy
3,CLEAN,Fitzroy
3,CLEAN,Mackay Whitsunday
3,CLIMATE,Fitzroy
3,COAL,Mackay Whitsunday
3,COAL,Wet Tropics
3,COAST,Burdekin
3,COLOURFUL,Burnett Mary
3,CONSERVATION,Fitzroy
3,CONSERVATION,Wet Tropics
3,CREATURES,Mackay Whitsunday
3,CROWN,Burnett Mary
3,DAMAGE,Burdekin
3,DAMAGED,Wet Tropics
3,DIVE,Burdekin
3,DIVE,Wet Tropics
3,DIVERSE,Burnett Mary
3,DIVERSE,Wet Tropics
3,DIVERSITY,Mackay Whitsunday
3,ECONOMIC,Wet Tropics
3,ECOSYSTEM,Wet Tropics
3,ENDANGERED,Mackay Whitsunday
3,ESSENTIAL,Burdekin
3,EXPLOITED,Wet Tropics
3,FANTASTIC,Mackay Whitsunday
3,FAUNA,Mackay Whitsunday
3,FINDING,Burdekin
3,FRAGILE,Wet Tropics
3,FULL,Wet Tropics
3,FUTURE,Burdekin
3,GLOBAL,Wet Tropics
3,GOING,Burdekin
3,GOOD,Wet Tropics
3,GORGEOUS,Wet Tropics
3,GREAT,Burnett Mary
3,GREATEST,Wet Tropics
3,HABITAT,Mackay Whitsunday
3,HAVE,Wet Tropics
3,HEART,Mackay Whitsunday
3,HELP,Wet Tropics
3,HERITAGE,Burnett Mary
3,HERITAGE,Fitzroy
3,HOLIDAYS,Mackay Whitsunday
3,HOME,Fitzroy
3,HUGE,Burdekin
3,HUGE,Mackay Whitsunday
3,INCREDIBLE,Wet Tropics
3,INDUSTRY,Wet Tropics
3,ISLAND,Fitzroy
3,ISLAND,Wet Tropics
3,LANDMARK,Burdekin
3,LARGE,Fitzroy
3,LIKE,Fitzroy
3,LIVING,Fitzroy
3,LIVING,Mackay Whitsunday
3,LOVE,Mackay Whitsunday
3,LOVE,Wet Tropics
3,MINING,Burdekin
3,MUST,Wet Tropics
3,NEEDING,Wet Tropics
3,NEMO,Burnett Mary
3,NICE,Burdekin
3,NICE,Wet Tropics
3,NOT,Burdekin
3,ONCE,Wet Tropics
3,OUR,Mackay Whitsunday
3,OVER,Burdekin
3,PARADISE,Wet Tropics
3,PEACE,Fitzroy
3,PEACEFUL,Burdekin
3,PEOPLE,Mackay Whitsunday
3,PLASTIC,Burdekin
3,POLLUTED,Burdekin
3,POLLUTED,Wet Tropics
3,PRECIOUS,Fitzroy
3,PROTECT,Burdekin
3,PROTECTED,Fitzroy
3,QUEENSLAND,Fitzroy
3,REEFS,Wet Tropics
3,RELAXING,Fitzroy
3,RESOURCE,Burdekin
3,SAD,Mackay Whitsunday
3,SAND,Mackay Whitsunday
3,SAND,Wet Tropics
3,SAVE,Wet Tropics
3,SCENIC,Wet Tropics
3,SCIENCE,Burdekin
3,SCUBA,Fitzroy
3,SEEN,Wet Tropics
3,SEVEN,Burdekin
3,SEVEN,Wet Tropics
3,SHARK,Burdekin
3,SITE,Burdekin
3,SLOWLY,Burdekin
3,SNORKEL,Burdekin
3,SPECIES,Mackay Whitsunday
3,SPECTACULAR,Fitzroy
3,STARFISH,Wet Tropics
3,STUNNING,Mackay Whitsunday
3,SUNSHINE,Fitzroy
3,SYSTEM,Mackay Whitsunday
3,THORNS,Burnett Mary
3,THREATENED,Wet Tropics
3,TOURIST,Fitzroy
3,TOURISTS,Fitzroy
3,TREASURE,Burdekin
3,TREASURE,Wet Tropics
3,TROUT,Wet Tropics
3,TURTLE,Wet Tropics
3,UNDERWATER,Wet Tropics
3,UNIQUE,Burnett Mary
3,VERY,Burdekin
3,VERY,Wet Tropics
3,VITAL,Burdekin
3,WAS,Wet Tropics
3,WE,Wet Tropics
3,WHALES,Mackay Whitsunday
3,WITH,Mackay Whitsunday
3,WONDER,Burnett Mary
3,WONDERFUL,Mackay Whitsunday
3,WORK,Mackay Whitsunday
2,7,Burdekin
2,-,Wet Tropics
2,ABOUT,Mackay Whitsunday
2,ACCESS,Burdekin
2,ADVENTURE,Burdekin
2,AGO,Wet Tropics
2,AIR,Mackay Whitsunday
2,ALIVE,Wet Tropics
2,ANCIENT,Burdekin
2,ANIMAL,Fitzroy
2,ANIMALS,Fitzroy
2,APPRECIATED,Wet Tropics
2,AQUARIUM,Burdekin
2,AQUATIC,Wet Tropics
2,ASSET,Wet Tropics
2,ATTRACTION,Fitzroy
2,AWAY,Wet Tropics
2,BEACHES,Mackay Whitsunday
2,BEACHES,Wet Tropics
2,BEST,Burdekin
2,BEST,Fitzroy
2,BEST,Wet Tropics
2,BIODIVERSE,Mackay Whitsunday
2,BLANK,Burdekin
2,BLEACH,Wet Tropics
2,BLEACHED,Wet Tropics
2,BLOWING,Wet Tropics
2,BOATING,Burdekin
2,BOATING,Mackay Whitsunday
2,BREATHTAKING,Wet Tropics
2,BRIGHT,Burdekin
2,BUT,Fitzroy
2,CAIRNS,Wet Tropics
2,CALM,Burdekin
2,CAN,Wet Tropics
2,CARE,Wet Tropics
2,CHANGE,Mackay Whitsunday
2,CLARITY,Wet Tropics
2,CLEAN,Wet Tropics
2,CLEAR,Burnett Mary
2,CLIMATE,Mackay Whitsunday
2,COLOURED,Fitzroy
2,COLOURS,Fitzroy
2,COLOURS,Mackay Whitsunday
2,COMPLEX,Mackay Whitsunday
2,CONCERNED,Mackay Whitsunday
2,CRAB,Wet Tropics
2,CROWN,Burdekin
2,CROWN,Fitzroy
2,CRUCIAL,Wet Tropics
2,DAMAGE,Wet Tropics
2,DAMAGED,Fitzroy
2,DEATH,Wet Tropics
2,DELICATE,Mackay Whitsunday
2,DESTROYED,Burdekin
2,DESTROYED,Wet Tropics
2,DESTROYING,Fitzroy
2,DESTRUCTION,Burdekin
2,DESTRUCTION,Wet Tropics
2,DETERIORATION,Wet Tropics
2,DIVERS,Wet Tropics
2,DON'T,Mackay Whitsunday
2,DUGONG,Burdekin
2,EARTH,Wet Tropics
2,EAST,Burdekin
2,ECO,Wet Tropics
2,ECOLOGY,Burdekin
2,ECOLOGY,Fitzroy
2,EITHER,Wet Tropics
2,ENVIRONMENTAL,Burdekin
2,ENVIRONMENTAL,Wet Tropics
2,EPIC,Wet Tropics
2,EXPANSIVE,Burdekin
2,EXTENSIVE,Burdekin
2,FAMILY,Burdekin
2,FANTASTIC,Burdekin
2,FANTASTIC,Wet Tropics
2,FASCINATING,Burdekin
2,FEATURE,Wet Tropics
2,FINDING,Wet Tropics
2,FISHES,Burdekin
2,FOOD,Fitzroy
2,FOOD,Wet Tropics
2,FOR,Fitzroy
2,FOREVER,Burdekin
2,FRESH,Fitzroy
2,FROM,Burdekin
2,FULL,Burdekin
2,FUN,Burdekin
2,FUTURE,Fitzroy
2,GBRMPA,Wet Tropics
2,GET,Wet Tropics
2,GLOBAL,Burdekin
2,GLOBAL,Burnett Mary
2,GLOBAL,Mackay Whitsunday
2,GO,Wet Tropics
2,GONE,Burdekin
2,GORGEOUS,Mackay Whitsunday
2,GOVERNMENT,Wet Tropics
2,HAPPINESS,Wet Tropics
2,HAPPY,Fitzroy
2,HOLIDAYS,Burnett Mary
2,I,Wet Tropics
2,INCREDIBLE,Burdekin
2,INCREDIBLE,Fitzroy
2,INCREDIBLE,Mackay Whitsunday
2,INSPIRING,Burnett Mary
2,IRREPLACEABLE,Mackay Whitsunday
2,JUST,Burdekin
2,KIND,Wet Tropics
2,KNOW,Mackay Whitsunday
2,LAND,Mackay Whitsunday
2,LARGE,Wet Tropics
2,LARGEST,Wet Tropics
2,LIFESTYLE,Wet Tropics
2,LIFETIME,Wet Tropics
2,LIKE,Burdekin
2,LISTED,Burnett Mary
2,LISTING,Burdekin
2,LIVE,Mackay Whitsunday
2,LIVE,Wet Tropics
2,LIVING,Burdekin
2,LOCAL,Wet Tropics
2,LONG,Burdekin
2,LOOK,Wet Tropics
2,LOOKED,Wet Tropics
2,LOSS,Mackay Whitsunday
2,LOSS,Wet Tropics
2,LOTS,Burdekin
2,LOTS,Mackay Whitsunday
2,LUNGS,Burdekin
2,MAGICAL,Wet Tropics
2,MAGNIFICENT,Mackay Whitsunday
2,MAINTAINED,Mackay Whitsunday
2,MANAGED,Mackay Whitsunday
2,MASSIVE,Burdekin
2,MIND,Wet Tropics
2,MINE,Burdekin
2,MONEY,Burdekin
2,MOST,Wet Tropics
2,MY,Fitzroy
2,MY,Wet Tropics
2,NATIONAL,Wet Tropics
2,NEEDS,Fitzroy
2,OIL,Wet Tropics
2,ON,Fitzroy
2,ONE,Fitzroy
2,ONE,Mackay Whitsunday
2,OPENNESS,Burdekin
2,OVERFISHED,Burdekin
2,PARADISE,Mackay Whitsunday
2,PEACEFUL,Mackay Whitsunday
2,PEOPLE,Burdekin
2,PHENOMENON,Burdekin
2,PLACE,Burdekin
2,PLEASE,Wet Tropics
2,POISONED,Burdekin
2,POLLUTION,Mackay Whitsunday
2,PRESERVE,Burdekin
2,PRETTY,Fitzroy
2,PRISTINE,Burnett Mary
2,PROTECT,Mackay Whitsunday
2,PROTECTING,Mackay Whitsunday
2,QLD,Fitzroy
2,QUALITY,Burdekin
2,QUALITY,Mackay Whitsunday
2,REEF,Burnett Mary
2,REEFS,Mackay Whitsunday
2,REGULATION,Burdekin
2,RELAXATION,Fitzroy
2,RELAXING,Mackay Whitsunday
2,RESILIENT,Mackay Whitsunday
2,RESOURCE,Wet Tropics
2,RESPECT,Wet Tropics
2,RISK,Burdekin
2,RISK,Wet Tropics
2,SACRED,Wet Tropics
2,SAILING,Mackay Whitsunday
2,SAILING,Wet Tropics
2,SAND,Fitzroy
2,SEALIFE,Wet Tropics
2,SEAWEED,Burdekin
2,SEE,Mackay Whitsunday
2,SEE,Wet Tropics
2,SERENITY,Fitzroy
2,SHARK,Wet Tropics
2,SHELLS,Burdekin
2,SHIPPING,Wet Tropics
2,SHIPS,Wet Tropics
2,SHOULD,Wet Tropics
2,SNORKEL,Fitzroy
2,SNORKEL,Mackay Whitsunday
2,SNORKELING,Wet Tropics
2,SPEAR,Wet Tropics
2,SPEARING,Mackay Whitsunday
2,SPECIAL,Fitzroy
2,SPECIAL,Mackay Whitsunday
2,SPECIES,Burdekin
2,SPOT,Burdekin
2,STARFISH,Burnett Mary
2,STOP,Wet Tropics
2,STRESSED,Burdekin
2,STRUGGLING,Wet Tropics
2,STUNNING,Fitzroy
2,SUNSHINE,Burdekin
2,SYMBOL,Burdekin
2,SYSTEM,Wet Tropics
2,THEY,Wet Tropics
2,THING,Fitzroy
2,THING,Wet Tropics
2,THORNS,Burdekin
2,THORNS,Fitzroy
2,TIME,Fitzroy
2,TIME,Wet Tropics
2,TO,Burnett Mary
2,TOURS,Wet Tropics
2,TRANQUILITY,Burdekin
2,TREASURE,Mackay Whitsunday
2,TRIPS,Burdekin
2,TROPICAL,Mackay Whitsunday
2,TROUBLE,Burdekin
2,TROUBLE,Mackay Whitsunday
2,TROUBLE,Wet Tropics
2,TURQUOISE,Wet Tropics
2,TURTLE,Burdekin
2,UNDERWATER,Burdekin
2,UNLESS,Burdekin
2,VALUABLE,Wet Tropics
2,VARIETY,Burdekin
2,VAST,Burnett Mary
2,VAST,Mackay Whitsunday
2,VERY,Fitzroy
2,VIBRANT,Mackay Whitsunday
2,VIBRANT,Wet Tropics
2,VULNERABLE,Burdekin
2,WARM,Wet Tropics
2,WARMING,Burdekin
2,WARMING,Burnett Mary
2,WARMING,Mackay Whitsunday
2,WARMTH,Burdekin
2,WAS,Burdekin
2,WATERS,Burdekin
2,WATERS,Mackay Whitsunday
2,WE,Burdekin
2,WE,Mackay Whitsunday
2,WHERE,Mackay Whitsunday
2,WHITE,Burdekin
2,WHITSUNDAYS,Wet Tropics
2,WILD,Wet Tropics
2,WONDERFUL,Fitzroy
2,WONDERS,Fitzroy
2,WONDERS,Mackay Whitsunday
2,WORLD,Burnett Mary
2,WORLDS,Wet Tropics
2,YEARS,Wet Tropics
2,ZONE,Wet Tropics
1,0,Mackay Whitsunday
1,1,Fitzroy
1,7,Fitzroy
1,7,Mackay Whitsunday
1,30,Wet Tropics
1,500000,Burnett Mary
1,-,Mackay Whitsunday
1,-AWESOME,Burdekin
1,:),Mackay Whitsunday
1,?,Burdekin
1,(35,Wet Tropics
1,(AS,Burdekin
1,(BUT,Wet Tropics
1,(CLEAN),Wet Tropics
1,(PRETTY,Mackay Whitsunday
1,(STILL!),Burdekin
1,(WE,Mackay Whitsunday
1,#1,Wet Tropics
1,10+,Wet Tropics
1,1800KM,Wet Tropics
1,344400KM^2,Burnett Mary
1,7TH,Wet Tropics
1,ABIDED,Burdekin
1,ABORIGINALS,Wet Tropics
1,ABOUT,Burdekin
1,ABOUT,Fitzroy
1,ABOVE,Wet Tropics
1,ABUNDANCE,Burdekin
1,ABUNDANCE,Fitzroy
1,ABUNDANT,Wet Tropics
1,ABUSED,Mackay Whitsunday
1,ACT,Wet Tropics
1,ACTIONS,Burdekin
1,ACTIVISTS,Mackay Whitsunday
1,ACTIVITIES,Mackay Whitsunday
1,ACTIVITIES,Wet Tropics
1,ACTIVITY,Wet Tropics
1,ADAN'S,Burdekin
1,ADANI,Burnett Mary
1,ADANI,Mackay Whitsunday
1,ADMIRATION,Burdekin
1,ADVENTURE,Mackay Whitsunday
1,ADVENTURES,Wet Tropics
1,AFFECTS,Wet Tropics
1,AFTER,Burnett Mary
1,AFTER,Mackay Whitsunday
1,AGO,Fitzroy
1,AGREE,Burdekin
1,AIR,Fitzroy
1,AIR,Wet Tropics
1,AL,Burdekin
1,ALDINE,Fitzroy
1,ALGAE,Wet Tropics
1,ALIVE,Burdekin
1,ALLOW,Wet Tropics
1,ALONG,Burdekin
1,ALWAYS,Burdekin
1,ALWAYS,Mackay Whitsunday
1,AMAZEMENT,Burdekin
1,AMAZEMENT,Wet Tropics
1,AMAZING,Burnett Mary
1,AMAZINGNESS,Wet Tropics
1,AMPHIBIAN,Burdekin
1,ANCIENT,Wet Tropics
1,ANIMALS,Burnett Mary
1,ANXIETY,Fitzroy
1,APPEAL,Mackay Whitsunday
1,APPROVAL,Mackay Whitsunday
1,AQUA,Wet Tropics
1,AQUARIUM,Mackay Whitsunday
1,AQUARIUM,Wet Tropics
1,AREA,Wet Tropics
1,AROUND,Burdekin
1,ASSET,Fitzroy
1,ASSETS,Wet Tropics
1,ATTENBOROUGH,Wet Tropics
1,ATTRACTIONS,Wet Tropics
1,ATTRACTIVE,Cape York
1,AUSTRALIA,Burnett Mary
1,AUSTRALIA'S,Burdekin
1,AUSTRALIAN,Mackay Whitsunday
1,AUSTRALIANS,Mackay Whitsunday
1,AUSTRALIAS,Wet Tropics
1,AWE,Burdekin
1,AZURE,Mackay Whitsunday
1,BACK,Burdekin
1,BAGS,Burdekin
1,BARCODES,Burnett Mary
1,BARREN,Wet Tropics
1,BARRIER,Burnett Mary
1,BASED,Mackay Whitsunday
1,BASTARDS,Wet Tropics
1,BAY,Burdekin
1,BAY,Mackay Whitsunday
1,BEACH,Burnett Mary
1,BEACH,Mackay Whitsunday
1,BEACHING,Fitzroy
1,BEARED,Mackay Whitsunday
1,BEATIFUL,Burdekin
1,BEATS,Burdekin
1,BEAUTIFUL,Cape York
1,BEEN,Burdekin
1,BEEN,Mackay Whitsunday
1,BEFORE,Burdekin
1,BEING,Burdekin
1,BELONGS,Mackay Whitsunday
1,BELOW,Wet Tropics
1,BEST,Mackay Whitsunday
1,BETTER,Wet Tropics
1,BIG,Burnett Mary
1,BIG,Fitzroy
1,BIGGEST,Burdekin
1,BIGGEST,Fitzroy
1,BIGGEST,Mackay Whitsunday
1,BIO,Mackay Whitsunday
1,BIODIVERSE,Wet Tropics
1,BIRDS,Burdekin
1,BIRDS,Fitzroy
1,BIRDS,Wet Tropics
1,BLEACH,Fitzroy
1,BLEACHED,Mackay Whitsunday
1,BLEACHING,Burnett Mary
1,BLOWING,Burdekin
1,BLUE,Burnett Mary
1,BLUEISH,Burdekin
1,BLUESPOTTED,Wet Tropics
1,BLUEWATER,Fitzroy
1,BOAT,Burdekin
1,BOAT/KAYAK,Wet Tropics
1,BOATING,Wet Tropics
1,BOATING/FISHING/SNORKELLING,Mackay Whitsunday
1,BOATS,Burnett Mary
1,BOMB,Fitzroy
1,BOMBIES,Burdekin
1,BOOBIES,Wet Tropics
1,BRAUTIFUL,Burdekin
1,BREATHTAKING,Mackay Whitsunday
1,BRIGHT,Mackay Whitsunday
1,BRILLIANT,Wet Tropics
1,BRING,Wet Tropics
1,BRINGS,Wet Tropics
1,BRITAN,Mackay Whitsunday
1,BROWN,Burdekin
1,BUCKET,Wet Tropics
1,BULL,Wet Tropics
1,BUSY,Wet Tropics
1,BUT,Mackay Whitsunday
1,CAIRNS,Burnett Mary
1,CAIRNS,Fitzroy
1,CAIRNS,Mackay Whitsunday
1,CALM,Fitzroy
1,CALM,Wet Tropics
1,CALMING,Mackay Whitsunday
1,CAN,Fitzroy
1,CAN,Mackay Whitsunday
1,CANE,Mackay Whitsunday
1,CANE,Wet Tropics
1,CARE,Burdekin
1,CAREER,Wet Tropics
1,CARGO),Wet Tropics
1,CATCH,Wet Tropics
1,CAYS,Burdekin
1,CAYS,Fitzroy
1,CEPHALOPODS,Wet Tropics
1,CHAIN,Fitzroy
1,CHANCE,Burdekin
1,CHANCE,Wet Tropics
1,CHANGING,Wet Tropics
1,CHANNELS,Wet Tropics
1,CHEMTRAILS,Burnett Mary
1,CHILLING,Fitzroy
1,CLAIMABLE,Mackay Whitsunday
1,CLARITY,Burdekin
1,CLASS,Burdekin
1,CLEAN,Burnett Mary
1,CLEANSING,Burnett Mary
1,CLOSE,Burnett Mary
1,CLOSER,Wet Tropics
1,CLOWNFISH,Wet Tropics
1,CO,Burdekin
1,COAL,Fitzroy
1,COLD,Wet Tropics
1,COLOR,Wet Tropics
1,COLORADO,Wet Tropics
1,COLORS,Wet Tropics
1,COLOURED,Burdekin
1,COLOURFUL,Cape York
1,COLOURLESS,Wet Tropics
1,COMMON,Burdekin
1,COMMON,Mackay Whitsunday
1,COMMUNITY,Burdekin
1,COMPLETE,Wet Tropics
1,COMPLEX,Burdekin
1,COMPLEX,Fitzroy
1,CONCERN,Burdekin
1,CONDITION,Fitzroy
1,CONDITIONS,Wet Tropics
1,CONSERVATION,Mackay Whitsunday
1,CONSERVE,Mackay Whitsunday
1,CONSERVED,Fitzroy
1,CONTAMINATION,Mackay Whitsunday
1,CONTROL,Mackay Whitsunday
1,COOKED,Burdekin
1,COOL,Burdekin
1,COOL,Fitzroy
1,COOPERATION,Burdekin
1,CORRAL,Burdekin
1,CORRIDOORS,Mackay Whitsunday
1,COUNTRIES,Wet Tropics
1,COUSTEAU,Fitzroy
1,CRABBING,Mackay Whitsunday
1,CRABS,Burdekin
1,CRAYFISH,Burdekin
1,CRAYFISH,Wet Tropics
1,CREATION,Burnett Mary
1,CREATION,Cape York
1,CREDIBILITY,Mackay Whitsunday
1,CREEKS,Wet Tropics
1,CRISIS,Fitzroy
1,CRITICAL,Wet Tropics
1,CRITICALLY,Wet Tropics
1,CROCODILE,Wet Tropics
1,CROCODILES,Burdekin
1,CROWN,Mackay Whitsunday
1,CRUISE,Wet Tropics
1,CRUSTACEANS,Burdekin
1,CRY,Burdekin
1,CRYSTAL,Burdekin
1,CULTURE,Burdekin
1,CULTURE,Wet Tropics
1,CUMULATIVE,Wet Tropics
1,CURRENT,Burdekin
1,CYCLONE,Wet Tropics
1,DAMAGE,Mackay Whitsunday
1,DAMAGED,Burdekin
1,DAMAGED,Burnett Mary
1,DAMAGED,Mackay Whitsunday
1,DAMAGING,Wet Tropics
1,DANGER,Burnett Mary
1,DANGER,Fitzroy
1,DANI,Fitzroy
1,DAVID,Wet Tropics
1,DAY,Fitzroy
1,DAY,Mackay Whitsunday
1,DAYDREAM,Wet Tropics
1,DAYS,Fitzroy
1,DEAD,Fitzroy
1,DEATH,Mackay Whitsunday
1,DEBATE,Burdekin
1,DECLINE,Wet Tropics
1,DECLINES,Burdekin
1,DECLINING,Burdekin
1,DECLINING,Wet Tropics
1,DECREASING,Wet Tropics
1,DECREPIT,Wet Tropics
1,DEEP,Burdekin
1,DEFORESTATION,Mackay Whitsunday
1,DEGRADATION,Burdekin
1,DEGRADATION,Fitzroy
1,DEGRADATION,Wet Tropics
1,DEGRADING,Burdekin
1,DELICATE,Burdekin
1,DELICATE,Wet Tropics
1,DEPLETING,Burdekin
1,DESTINATION,Burdekin
1,DESTINATION,Burnett Mary
1,DESTINATION,Fitzroy
1,DESTINATION,Mackay Whitsunday
1,DESTINATION,Wet Tropics
1,DESTROYED,Mackay Whitsunday
1,DESTROYING,Mackay Whitsunday
1,DESTRUCTION,Mackay Whitsunday
1,DETACHED,Mackay Whitsunday
1,DEVELOPERS,Mackay Whitsunday
1,DEVELOPMENT,Mackay Whitsunday
1,DEVELOPMENTS,Burdekin
1,DICK,Mackay Whitsunday
1,DIE,Burdekin
1,DIE,Wet Tropics
1,DIE!,Wet Tropics
1,DIFFERENT,Mackay Whitsunday
1,DIFFICULT,Burdekin
1,DIMINISHING,Wet Tropics
1,DINING,Burdekin
1,DINNER,Wet Tropics
1,DIRTY,Burdekin
1,DISADVANTAGED,Mackay Whitsunday
1,DISAPPEARING,Burdekin
1,DISAPPEARING,Mackay Whitsunday
1,DISAPPEARING,Wet Tropics
1,DISASTER,Burdekin
1,DISCOVER,Wet Tropics
1,DISHES,Wet Tropics
1,DIVER,Wet Tropics
1,DIVERSE,Fitzroy
1,DO,Wet Tropics
1,DOESN'T,Wet Tropics
1,DOLPHINS,Burdekin
1,DOLPHINS,Mackay Whitsunday
1,DOLPHINS,Wet Tropics
1,DON'T,Burdekin
1,DON'T,Wet Tropics
1,DOOMED,Burdekin
1,DOOMED,Mackay Whitsunday
1,DOOMED,Wet Tropics
1,DOORSTEP,Wet Tropics
1,DORY,Burnett Mary
1,DREAM,Burdekin
1,DREAM!,Wet Tropics
1,DUE,Burdekin
1,DUE,Mackay Whitsunday
1,DUGONG,Fitzroy
1,DUGONG,Wet Tropics
1,DUGONGS,Wet Tropics
1,DYNAMIC,Burdekin
1,DYNAMIC,Wet Tropics
1,EARTH,Fitzroy
1,EARTHS,Burdekin
1,EASIER,Wet Tropics
1,ECO,Mackay Whitsunday
1,ECO-SYSTEM,Burdekin
1,ECOLOGICAL,Wet Tropics
1,ECOLOGY,Wet Tropics
1,ECONOMY,Wet Tropics
1,ECOSYSTEM,Burnett Mary
1,ECOSYSTEMS,Fitzroy
1,EDUCATION,Wet Tropics
1,EFFECTS,Wet Tropics
1,EG,Wet Tropics
1,EIGHT,Burnett Mary
1,ELLIOT,Fitzroy
1,ELSE,Fitzroy
1,EMPEROR,Fitzroy
1,EMPLOYMENT,Mackay Whitsunday
1,ENCHANTING,Mackay Whitsunday
1,ENCOURAGES,Fitzroy
1,ENDANGER,Wet Tropics
1,ENDANGERD,Fitzroy
1,ENDEMIC,Mackay Whitsunday
1,ENDLESS,Fitzroy
1,ENERGY,Wet Tropics
1,ENJOY,Burdekin
1,ENJOYABLE,Wet Tropics
1,ENJOYING,Mackay Whitsunday
1,ENJOYMENT,Wet Tropics
1,ENORMOUS,Wet Tropics
1,ENOUGH,Burdekin
1,ENOUGH,Burnett Mary
1,ENOUGH,Mackay Whitsunday
1,ENVIRONMENT,Fitzroy
1,ENVIRONMENT,Mackay Whitsunday
1,ENVIRONMENTAL,Fitzroy
1,ENVIRONMENTALLY,Burdekin
1,ENVIRONS,Wet Tropics
1,EROSION,Mackay Whitsunday
1,ESSENTIAL,Mackay Whitsunday
1,EVER,Burdekin
1,EVER,Fitzroy
1,EVER,Wet Tropics
1,EVERCHANGING,Wet Tropics
1,EVERY,Fitzroy
1,EVERYONE,Burdekin
1,EVERYTHING,Burnett Mary
1,EVOLVING,Mackay Whitsunday
1,EVOLVING,Wet Tropics
1,EXCITEMENT,Wet Tropics
1,EXCITING,Burdekin
1,EXPANSIONS,Mackay Whitsunday
1,EXPENSIVE,Fitzroy
1,EXPERIENCE,Burnett Mary
1,EXPERIENCE,Fitzroy
1,EXPERIENCE,Mackay Whitsunday
1,EXPERIENCES,Mackay Whitsunday
1,EXPLORE,Wet Tropics
1,EXPLORING,Burdekin
1,EXQUISITE,Burdekin
1,EXQUISITE,Wet Tropics
1,EXTINCT,Burdekin
1,EXTINCT,Wet Tropics
1,EXTINCTION,Wet Tropics
1,EXTRAORDINARY,Fitzroy
1,EXTRAORDINARY,Mackay Whitsunday
1,EXTRAORDINARY,Wet Tropics
1,F,Burdekin
1,FABULOUS,Fitzroy
1,FACTOR,Wet Tropics
1,FAILURE,Burdekin
1,FAMILY,Fitzroy
1,FAMILY,Wet Tropics
1,FAMOUS,Fitzroy
1,FAMOUS,Mackay Whitsunday
1,FAMOUS,Wet Tropics
1,FANTASY,Mackay Whitsunday
1,FARMERS,Mackay Whitsunday
1,FARMING,Burnett Mary
1,FARMS,Mackay Whitsunday
1,FAUNA,Burdekin
1,FAUNA,Wet Tropics
1,FAVOURITE,Burdekin
1,FEAR,Burdekin
1,FEAR,Wet Tropics
1,FEED,Wet Tropics
1,FERRY,Burdekin
1,FIELD,Wet Tropics
1,FILLETS,Wet Tropics
1,FINAL,Burdekin
1,FINDING,Burnett Mary
1,FINDING,Mackay Whitsunday
1,FISHERIES,Burdekin
1,FISHERMAN,Burdekin
1,FISHING,Burnett Mary
1,FITZROY,Burdekin
1,FLORA,Wet Tropics
1,FLYING,Wet Tropics
1,FNQ,Wet Tropics
1,FOOD,Burdekin
1,FOREVER,Fitzroy
1,FORM,Wet Tropics
1,FORMER,Wet Tropics
1,FREEDOM,Mackay Whitsunday
1,FRESH,Burdekin
1,FRESH,Mackay Whitsunday
1,FRESH,Wet Tropics
1,FRIGHTENING,Burdekin
1,FROM,Cape York
1,FUCKED,Burdekin
1,FUN,Fitzroy
1,FURTHER,Wet Tropics
1,FUTURE,Mackay Whitsunday
1,FUTURE,Wet Tropics
1,GAS,Wet Tropics
1,GBR,Mackay Whitsunday
1,GBR,Wet Tropics
1,GBRMPA,Burdekin
1,GEM,Burdekin
1,GENERATIONS,Burdekin
1,GENERATIONS,Wet Tropics
1,GET,Burdekin
1,GETTING,Burnett Mary
1,GETTING,Wet Tropics
1,GIANT,Cape York
1,GIANT,Wet Tropics
1,GINGER,Mackay Whitsunday
1,GIRLFRIEND,Mackay Whitsunday
1,GIVING,Burdekin
1,GLORIOUS,Burdekin
1,GLORIOUS,Wet Tropics
1,GOB,Wet Tropics
1,GOING,Wet Tropics
1,GONE,Wet Tropics
1,GOOD,Burdekin
1,GORGEOUS,Fitzroy
1,GOVERNANCE,Mackay Whitsunday
1,GOVERNMENT,Burdekin
1,GOVERNMENTS,Wet Tropics
1,GRACEFUL,Wet Tropics
1,GRANTED,Burdekin
1,GREATEST,Burdekin
1,GREATEST,Fitzroy
1,GREED,Wet Tropics
1,GREEN,Fitzroy
1,GREENIES,Burdekin
1,GREY,Burdekin
1,GREY,Wet Tropics
1,GRMPA,Burdekin
1,GROWTH,Burdekin
1,HABITAT,Wet Tropics
1,HABITATS,Burdekin
1,HABITS,Burdekin
1,HALF,Burdekin
1,HARD,Mackay Whitsunday
1,HARDSHIP,Wet Tropics
1,HARMONY,Cape York
1,HAS,Mackay Whitsunday
1,HAS,Wet Tropics
1,HAVE,Burdekin
1,HAVE,Mackay Whitsunday
1,HAVEN,Burdekin
1,HAVEN,Fitzroy
1,HAVEN,Wet Tropics
1,HEALING,Burdekin
1,HEALTH,Wet Tropics
1,HEALTHY,Burdekin
1,HEALTHY,Fitzroy
1,HEALTHY,Mackay Whitsunday
1,HEAT,Burdekin
1,HEAVEN,Fitzroy
1,HEAVEN,Mackay Whitsunday
1,HEAVEN,Wet Tropics
1,HECTIC,Burdekin
1,HELP,Burdekin
1,HELP!,Wet Tropics
1,HELPING,Mackay Whitsunday
1,HERE,Wet Tropics
1,HIGH,Wet Tropics
1,HIS,Fitzroy
1,HISTORIC,Mackay Whitsunday
1,HISTORICAL,Burdekin
1,HISTORY,Burnett Mary
1,HISTORY,Fitzroy
1,HOLIDAY,Burnett Mary
1,HOLIDAY,Fitzroy
1,HOLIDAY,Mackay Whitsunday
1,HOPE),Mackay Whitsunday
1,HOT,Burdekin
1,HOT,Mackay Whitsunday
1,HOW,Wet Tropics
1,HUMANKIND,Wet Tropics
1,HUNTING,Wet Tropics
1,I,Burnett Mary
1,I,Fitzroy
1,I'VE,Wet Tropics
1,ICON,Fitzroy
1,ICON,Mackay Whitsunday
1,ICON,Wet Tropics
1,ICONIC,Fitzroy
1,ICONIC,Wet Tropics
1,IF,Fitzroy
1,IGNORANCE,Burdekin
1,IGNORED,Burdekin
1,ILLEGAL,Wet Tropics
1,IMMEDIATE,Wet Tropics
1,IMMENSE,Mackay Whitsunday
1,IMMENSITY,Wet Tropics
1,IMPORTANT,Fitzroy
1,IMPRESSIVE,Mackay Whitsunday
1,IMPRESSIVE,Wet Tropics
1,IMPROPER,Mackay Whitsunday
1,INCREDIBLY,Fitzroy
1,INDICATOR,Mackay Whitsunday
1,INDICATOR,Wet Tropics
1,INDUSTRY,Burdekin
1,INDUSTRY,Mackay Whitsunday
1,INFLUENTIAL,Wet Tropics
1,INFORMATION,Burdekin
1,INFORMATION,Mackay Whitsunday
1,INPUT,Burnett Mary
1,INSPIRATION,Mackay Whitsunday
1,INSPIRATIONAL,Mackay Whitsunday
1,INSPIRING,Burdekin
1,INSTRUMENTAL,Fitzroy
1,INTEGRAL,Burdekin
1,INTEGRITY,Wet Tropics
1,INTERCONNECTED,Cape York
1,INTERESTED,Wet Tropics
1,INTERESTING,Burdekin
1,INTERESTING,Wet Tropics
1,INTERESTS,Burdekin
1,INVALUABLE,Burdekin
1,INVITING,Burdekin
1,IRREPLACEABLE,Burdekin
1,IRREPLACEABLE,Wet Tropics
1,IRREREPAIRABLE,Wet Tropics
1,IRREVERSIBLE,Wet Tropics
1,ISLES,Wet Tropics
1,ISOLATED,Wet Tropics
1,ISSUES,Burdekin
1,ITEM,Wet Tropics
1,JACQUES,Fitzroy
1,JCU,Burdekin
1,JET,Mackay Whitsunday
1,JETSKI,Burdekin
1,JOB,Wet Tropics
1,JOBS,Wet Tropics
1,JUST,Wet Tropics
1,JUSTICE,Wet Tropics
1,KEEP,Burdekin
1,KEEP,Mackay Whitsunday
1,KEEPER,Mackay Whitsunday
1,KEPPEL,Fitzroy
1,KEPT,Fitzroy
1,KILLED,Burdekin
1,KILLING,Wet Tropics
1,KIND,Burdekin
1,KIND,Fitzroy
1,LADY,Fitzroy
1,LAND,Fitzroy
1,LANDMARK,Burnett Mary
1,LANDMARK,Wet Tropics
1,LANDSCAPE,Wet Tropics
1,LARGE,Burnett Mary
1,LARGEST,Fitzroy
1,LARGEST,Mackay Whitsunday
1,LAST,Fitzroy
1,LAST,Wet Tropics
1,LATE),Burdekin
1,LATEST,Burdekin
1,LEAD,Burdekin
1,LEFT,Burdekin
1,LEGACY,Burdekin
1,LEGACY,Wet Tropics
1,LIBERALS,Burdekin
1,LIFE,Cape York
1,LIFELESS,Burdekin
1,LIFELINE,Wet Tropics
1,LIFESTYLE,Burdekin
1,LIKE,Wet Tropics
1,LIST,Wet Tropics
1,LITE,Burdekin
1,LITTER,Burdekin
1,LITTLE,Burdekin
1,LIVE,Burdekin
1,LIVELIHOODS,Wet Tropics
1,LIVELY,Burdekin
1,LIVES,Burdekin
1,LOBSTERS,Burdekin
1,LOOK,Burnett Mary
1,LOOK,Fitzroy
1,LOOKED,Burdekin
1,LOOKED,Mackay Whitsunday
1,LOOKING,Mackay Whitsunday
1,LOOKING,Wet Tropics
1,LOOKS,Wet Tropics
1,LOSE,Burdekin
1,LOSING,Burdekin
1,LOSS,Burdekin
1,LOST,Fitzroy
1,LOST,Wet Tropics
1,LOVE,Burdekin
1,LOVE,Burnett Mary
1,LOVE,Fitzroy
1,LOVELY,Burdekin
1,LOVELY,Fitzroy
1,LOW,Burdekin
1,LOW,Wet Tropics
1,LUSH,Burdekin
1,MAGGIE,Fitzroy
1,MAGIC,Mackay Whitsunday
1,MAGIC,Wet Tropics
1,MAGICAL,Burdekin
1,MAGNETIC,Burdekin
1,MAGNIFICENCE,Mackay Whitsunday
1,MAGNIFICENT,Burnett Mary
1,MAGNIFICENT,Fitzroy
1,MAINTAINING,Mackay Whitsunday
1,MAJESTIC,Fitzroy
1,MAJESTIC,Mackay Whitsunday
1,MAJOR,Fitzroy
1,MAJOR,Wet Tropics
1,MAJORITY,Burdekin
1,MAKING,Burdekin
1,MAN,Fitzroy
1,MANAGEMENT,Mackay Whitsunday
1,MANTA,Fitzroy
1,MANY,Fitzroy
1,MANY,Wet Tropics
1,MARINE,Burnett Mary
1,MARK,Fitzroy
1,MARVELS,Wet Tropics
1,MASS,Wet Tropics
1,MASSIVE,Mackay Whitsunday
1,MAYBE,Wet Tropics
1,ME,Wet Tropics
1,MEDICINES,Wet Tropics
1,MEGAFAUNA,Mackay Whitsunday
1,MEMO,Burdekin
1,MEMO,Wet Tropics
1,MEMORIES,Fitzroy
1,MENTALLY,Wet Tropics
1,MERMAID,Burdekin
1,MESMERISING,Fitzroy
1,MESS,Burdekin
1,MIND,Burdekin
1,MINE,Fitzroy
1,MINING,Burnett Mary
1,MINING,Mackay Whitsunday
1,MINING,Wet Tropics
1,MIRACLE,Wet Tropics
1,MISCOMMUNICATION,Mackay Whitsunday
1,MISSION,Wet Tropics
1,MISUNDERSTOOD,Mackay Whitsunday
1,MISUSED,Wet Tropics
1,MOLLUSCS,Burdekin
1,MONEY,Mackay Whitsunday
1,MONEY,Wet Tropics
1,MOON,Wet Tropics
1,MORE,Burdekin
1,MORE,Mackay Whitsunday
1,MORE,Wet Tropics
1,MOST,Fitzroy
1,MOTHER,Mackay Whitsunday
1,MOVE,Wet Tropics
1,MOZAMBIQUE,Burdekin
1,MUCH,Burdekin
1,MUCH,Wet Tropics
1,MULTIPLE,Fitzroy
1,MUST,Burdekin
1,MUST-SEE,Wet Tropics
1,MYRIAD,Wet Tropics
1,MYSTIC,Mackay Whitsunday
1,NATIVE,Fitzroy
1,NATURES,Mackay Whitsunday
1,NATURES,Wet Tropics
1,NECESSARY,Burdekin
1,NEEDED,Wet Tropics
1,NEEDING,Burdekin
1,NETS,Burdekin
1,NETTING,Fitzroy
1,NEVER,Burdekin
1,NEVER,Mackay Whitsunday
1,NEW,Burdekin
1,NEXT,Wet Tropics
1,NICE,Mackay Whitsunday
1,NIGHT,Wet Tropics
1,NO,Burdekin
1,NON,Wet Tropics
1,NORMALLY,Mackay Whitsunday
1,NORTH,Wet Tropics
1,NORTHERN,Burdekin
1,NORTHERN,Mackay Whitsunday
1,NOT,Burnett Mary
1,NOT,Fitzroy
1,NOT,Mackay Whitsunday
1,NOTHING,Burdekin
1,NOTHING,Fitzroy
1,NOURISHER,Mackay Whitsunday
1,NOW,Wet Tropics
1,NOW),Wet Tropics
1,NOWAVES(SURF),Burdekin
1,NUDIBRANCHS,Wet Tropics
1,NURSERYS,Wet Tropics
1,NURTURE,Burdekin
1,NURTURED/RESPECTED/PROTECTED,Burdekin
1,NURTURING,Wet Tropics
1,OCEAN,Burnett Mary
1,OCEAN,Cape York
1,OCEANS,Fitzroy
1,OCEANS,Wet Tropics
1,OF,Cape York
1,OFF,Mackay Whitsunday
1,OIL,Burdekin
1,ON,Burdekin
1,ONCE,Mackay Whitsunday
1,ONE,Cape York
1,ONE-OF-A-KIND,Burdekin
1,ONES),Mackay Whitsunday
1,ONGOING,Wet Tropics
1,ONLY,Wet Tropics
1,OPEN,Burdekin
1,OPEN,Fitzroy
1,OPINION,Mackay Whitsunday
1,OPPORTUNITY,Wet Tropics
1,ORGANISM,Mackay Whitsunday
1,ORGANISM,Wet Tropics
1,ORIENTATED,Burdekin
1,ORPHEUS,Burdekin
1,OTHER,Burnett Mary
1,OTHER,Fitzroy
1,OTHER,Mackay Whitsunday
1,OTHER,Wet Tropics
1,OTHERWISE,Fitzroy
1,OUR,Burdekin
1,OUR,Wet Tropics
1,OURS,Mackay Whitsunday
1,OUT,Burdekin
1,OUT,Wet Tropics
1,OUTDOORS,Mackay Whitsunday
1,OUTER,Mackay Whitsunday
1,OUTER,Wet Tropics
1,OUTRAGEOUSLY,Burdekin
1,OUTSTANDING,Burdekin
1,OVER,Burnett Mary
1,OVER,Wet Tropics
1,OVERFISHING,Mackay Whitsunday
1,OVERLOAD,Burdekin
1,OVERPROTECTED,Burdekin
1,OVERUSED,Mackay Whitsunday
1,OVERWHELMING,Burdekin
1,OWN,Wet Tropics
1,OWNERSHIP,Mackay Whitsunday
1,OXYGEN,Burdekin
1,OXYGEN,Wet Tropics
1,PALM,Wet Tropics
1,PARADISE,Burnett Mary
1,PARK,Mackay Whitsunday
1,PARK,Wet Tropics
1,PART,Wet Tropics
1,PARTS,Fitzroy
1,PARTY,Fitzroy
1,PASSION,Burdekin
1,PASSION,Wet Tropics
1,PAST,Burnett Mary
1,PEACE,Burdekin
1,PEACE,Wet Tropics
1,PEACEFUL,Fitzroy
1,PEARL,Mackay Whitsunday
1,PEOPLE,Wet Tropics
1,PEOPLE'S,Wet Tropics
1,PERCEPTION,Burdekin
1,PERFECT,Fitzroy
1,PETRI,Wet Tropics
1,PHENOMENA,Mackay Whitsunday
1,PHENOMENAL,Mackay Whitsunday
1,PHOTOS,Wet Tropics
1,PHYSICALLY,Wet Tropics
1,PICTURESQUE,Burdekin
1,PIECE,Wet Tropics
1,PINK/GREEN/YELLOW,Wet Tropics
1,PIRATES,Wet Tropics
1,PITIFUL,Wet Tropics
1,PLACES,Burdekin
1,PLACES,Fitzroy
1,PLACES,Mackay Whitsunday
1,PLANET,Burdekin
1,PLANET,Wet Tropics
1,PLANTS,Burdekin
1,PLASTIC,Fitzroy
1,PLASTICS,Mackay Whitsunday
1,PLAYGROUND,Wet Tropics
1,PLEASANT,Burdekin
1,POLITICAL,Burdekin
1,POLITICAL,Mackay Whitsunday
1,POLITICIANS,Burdekin
1,POLITICS,Burdekin
1,POLITICS,Wet Tropics
1,POLLUTING,Burnett Mary
1,POOR,Mackay Whitsunday
1,POOR,Wet Tropics
1,PORT,Mackay Whitsunday
1,PORTS,Wet Tropics
1,POSSIBLY,Burdekin
1,POTENTIAL,Fitzroy
1,PRAWNS,Burdekin
1,PRECIOUS,Burnett Mary
1,PRESERVATION,Fitzroy
1,PRESERVE,Fitzroy
1,PRESERVE,Wet Tropics
1,PRESERVED,Burdekin
1,PRESERVED,Wet Tropics
1,PRESERVING,Burdekin
1,PRESERVING,Wet Tropics
1,PRESSURE,Mackay Whitsunday
1,PRICELESS,Fitzroy
1,PRICELESS,Mackay Whitsunday
1,PRIDEFUL,Mackay Whitsunday
1,PRIVILEGE,Wet Tropics
1,PRODUCTIVITY,Burdekin
1,PROFITS,Burdekin
1,PROFITS,Wet Tropics
1,PROGRAMS,Wet Tropics
1,PROPERLY,Mackay Whitsunday
1,PROPERTY,Mackay Whitsunday
1,PROTECT,Fitzroy
1,PROTECTED,Burnett Mary
1,PROTECTED,Mackay Whitsunday
1,PROTECTING,Burdekin
1,PROTECTION,Burnett Mary
1,PROTECTION,Fitzroy
1,PROTECTIVE,Fitzroy
1,PROTECTOR,Wet Tropics
1,PROUD,Burdekin
1,PROUD,Mackay Whitsunday
1,PROVIDER,Burdekin
1,PUBLIC,Wet Tropics
1,PURE,Wet Tropics
1,QLD,Wet Tropics
1,QUALITY,Fitzroy
1,QUEENSLAND,Burnett Mary
1,RAD,Wet Tropics
1,RAINFOREST,Fitzroy
1,RAINFOREST,Wet Tropics
1,RANGE,Mackay Whitsunday
1,RAPING,Mackay Whitsunday
1,RARE,Burdekin
1,RARE,Fitzroy
1,RARE,Mackay Whitsunday
1,RAY,Wet Tropics
1,RAY'S,Wet Tropics
1,RAYS,Fitzroy
1,REACTIONS,Wet Tropics
1,REALISATION,Mackay Whitsunday
1,REAP,Burdekin
1,RECREATION,Burnett Mary
1,RECREATION,Fitzroy
1,RED,Fitzroy
1,REEF/WILDLIFE,Mackay Whitsunday
1,REGIONS,Mackay Whitsunday
1,REGRET,Mackay Whitsunday
1,REGROWTH,Burdekin
1,RELAX,Wet Tropics
1,RELAXATION,Mackay Whitsunday
1,RELAXING,Burdekin
1,RELAXING,Burnett Mary
1,REMAIN,Burnett Mary
1,REMINDED,Fitzroy
1,RENEWABLE,Wet Tropics
1,RENOUND,Wet Tropics
1,REPLENISHING,Wet Tropics
1,REQUIRES,Burdekin
1,RESEARCH,Wet Tropics
1,RESORTS,Mackay Whitsunday
1,RESOURCE,Mackay Whitsunday
1,RESOURCES,Wet Tropics
1,RESPECT,Mackay Whitsunday
1,RESPONSIBILITY,Wet Tropics
1,REWARDING,Wet Tropics
1,RICH,Mackay Whitsunday
1,RISK,Fitzroy
1,RISK,Mackay Whitsunday
1,ROCKS,Burdekin
1,ROCKS,Wet Tropics
1,ROYALTIES,Wet Tropics
1,RUN,Wet Tropics
1,RUNOFF,Burdekin
1,RUNOFF,Wet Tropics
1,SACRED,Burdekin
1,SAD,Burdekin
1,SADLY,Burdekin
1,SADNESS,Fitzroy
1,SADNESS,Wet Tropics
1,SADNESS-,Burdekin
1,SAFE,Mackay Whitsunday
1,SAFETY,Mackay Whitsunday
1,SAIL,Wet Tropics
1,SAILBOAT,Mackay Whitsunday
1,SAILING,Burdekin
1,SALT,Fitzroy
1,SALTY,Fitzroy
1,SAME/AROUND,Burdekin
1,SANCTUARY,Wet Tropics
1,SATELLITE,Mackay Whitsunday
1,SAVED,Wet Tropics
1,SAVING,Wet Tropics
1,SCARY,Mackay Whitsunday
1,SCARY,Wet Tropics
1,SCENERY,Burdekin
1,SCENIC,Burdekin
1,SCENIC,Burnett Mary
1,SCUBADIVING,Burdekin
1,SEAFOOD,Fitzroy
1,SEAFOOD,Mackay Whitsunday
1,SEAFOOD,Wet Tropics
1,SEALIFE,Burdekin
1,SEALIFE,Mackay Whitsunday
1,SEAM,Wet Tropics
1,SEAS,Wet Tropics
1,SEAWALKER,Wet Tropics
1,SEAWEED,Fitzroy
1,SEDIMENT,Burnett Mary
1,SEDIMENT,Fitzroy
1,SEE,Burdekin
1,SEEING,Fitzroy
1,SEEN,Burdekin
1,SENSATIONAL,Burdekin
1,SERENITY,Burdekin
1,SERENITY,Wet Tropics
1,SERIOUS,Burdekin
1,SHAME,Burdekin
1,SHAME,Wet Tropics
1,SHARKS,Burdekin
1,SHARKS,Fitzroy
1,SHELLS,Fitzroy
1,SHELLS,Mackay Whitsunday
1,SHIPPING,Mackay Whitsunday
1,SHIPS,Burdekin
1,SHOCKINGLY,Mackay Whitsunday
1,SHOULD,Burdekin
1,SHOULD,Burnett Mary
1,SHOULDN'T,Wet Tropics
1,SICK,Mackay Whitsunday
1,SICK,Wet Tropics
1,SIGHTSEEING,Mackay Whitsunday
1,SILENT,Cape York
1,SIMPLY,Mackay Whitsunday
1,SINGERS,Fitzroy
1,SITE,Mackay Whitsunday
1,SITE,Wet Tropics
1,SIZE,Burdekin
1,SIZES,Fitzroy
1,SKIING,Mackay Whitsunday
1,SKY,Wet Tropics
1,SMACKING,Wet Tropics
1,SNORKEL,Wet Tropics
1,SNORKELLIMG,Burdekin
1,SNORKELLING,Burnett Mary
1,SNORKILLING,Wet Tropics
1,SNORKOING,Wet Tropics
1,SO,Fitzroy
1,SO,Mackay Whitsunday
1,SOACE,Burdekin
1,SODWANA,Burdekin
1,SOME,Burdekin
1,SOME,Fitzroy
1,SOME,Mackay Whitsunday
1,SOME,Wet Tropics
1,SOMETHING,Burnett Mary
1,SOMETHING,Fitzroy
1,SON,Wet Tropics
1,SONG,Fitzroy
1,SOON,Burdekin
1,SOURCE,Burdekin
1,SOUTH,Wet Tropics
1,SPACE,Burdekin
1,SPACE,Cape York
1,SPACE,Mackay Whitsunday
1,SPACE,Wet Tropics
1,SPACE!,Wet Tropics
1,SPARKLING,Burdekin
1,SPAWNING,Burdekin
1,SPEAR,Burdekin
1,SPEAR,Mackay Whitsunday
1,SPEARFISHING,Mackay Whitsunday
1,SPEARING,Burdekin
1,SPECTACULAR,Burnett Mary
1,SPELDOUR,Mackay Whitsunday
1,SPLENDID,Wet Tropics
1,SPOILING,Fitzroy
1,SPOT,Wet Tropics
1,STARFISH,Burdekin
1,STARTED,Burdekin
1,STATUS,Wet Tropics
1,STILL,Burdekin
1,STINGER,Burdekin
1,STINGERS,Wet Tropics
1,STOP,Burdekin
1,STOP,Mackay Whitsunday
1,STORMS,Fitzroy
1,STRAIT,Burdekin
1,STRESS,Wet Tropics
1,STRESSED,Mackay Whitsunday
1,STRONG,Wet Tropics
1,STRUCTURE,Burdekin
1,STRUCTURE,Fitzroy
1,STRUCTURE,Mackay Whitsunday
1,STRUCTURE,Wet Tropics
1,STUFFED,Burdekin
1,STUNNING,Burdekin
1,STUNNING,Burnett Mary
1,SUBA,Mackay Whitsunday
1,SUBLIME,Mackay Whitsunday
1,SUMMER,Mackay Whitsunday
1,SUN,Burnett Mary
1,SUN,Mackay Whitsunday
1,SUNNY,Mackay Whitsunday
1,SUNNY,Wet Tropics
1,SUNSCREEN,Burnett Mary
1,SUNSHINE,Wet Tropics
1,SUPERB,Fitzroy
1,SUPPORTING,Cape York
1,SUPPORTIVE,Burdekin
1,SURFING,Burnett Mary
1,SURVIVAL,Burdekin
1,SURVIVE,Burdekin
1,SUSTAINABILITY,Burdekin
1,SUSTAINABLE,Burdekin
1,SUSTAINABLE,Wet Tropics
1,SWIM,Burdekin
1,SWIM,Fitzroy
1,SWIM,Mackay Whitsunday
1,SWIMMING,Mackay Whitsunday
1,SWIMS,Burnett Mary
1,SYSTEM,Cape York
1,SYSTEMS,Cape York
1,SYSTEMS,Mackay Whitsunday
1,TAKEN,Burdekin
1,TANKER,Wet Tropics
1,TANKERS,Wet Tropics
1,TEAMING,Wet Tropics
1,TERMINAL,Burdekin
1,TERMINAL,Mackay Whitsunday
1,TERMS,Burdekin
1,TERMS,Wet Tropics
1,THANK,Burdekin
1,THANKS,Burdekin
1,THORNS,Mackay Whitsunday
1,THOUGH,Burdekin
1,THREAT,Burnett Mary
1,THREAT,Fitzroy
1,THREATENED,Fitzroy
1,THREATS,Burdekin
1,THREATS,Wet Tropics
1,THRIVING,Burdekin
1,THROUGH,Burdekin
1,THROUGH,Mackay Whitsunday
1,TIME,Mackay Whitsunday
1,TIMEBOMB,Wet Tropics
1,TIMES,Wet Tropics
1,TINNIES,Wet Tropics
1,TOGETHER,Wet Tropics
1,TOKEN,Mackay Whitsunday
1,TONS,Burdekin
1,TOO,Burdekin
1,TOO,Fitzroy
1,TOO,Mackay Whitsunday
1,TOO,Wet Tropics
1,TORRES,Burdekin
1,TOURISM,Burnett Mary
1,TOURIST,Burnett Mary
1,TOURISTSM,Wet Tropics
1,TOURS,Burnett Mary
1,TOWNSVILLE,Burdekin
1,TRAGIC,Wet Tropics
1,TRANQUILIT,Wet Tropics
1,TRANQUILITY,Burnett Mary
1,TRANQUILITY,Fitzroy
1,TRANQUILITY,Mackay Whitsunday
1,TRANSPARENT,Wet Tropics
1,TRAVEL,Burdekin
1,TRAWLERS,Wet Tropics
1,TREASURE,Burnett Mary
1,TREASURE,Fitzroy
1,TREATED,Mackay Whitsunday
1,TREES,Wet Tropics
1,TREVALLEY,Wet Tropics
1,TRIP,Mackay Whitsunday
1,TRIS,Wet Tropics
1,TROPICAL,Burnett Mary
1,TROUT,Burdekin
1,TROUT,Mackay Whitsunday
1,TRUE,Wet Tropics
1,TRULY,Burdekin
1,TRYING,Mackay Whitsunday
1,TSUNAMI,Mackay Whitsunday
1,TUMRAS,Wet Tropics
1,TURQUOISE,Burdekin
1,TURQUOISE,Mackay Whitsunday
1,TURTLE,Fitzroy
1,TV,Fitzroy
1,TWICE,Wet Tropics
1,ULTIMATE,Burdekin
1,UNAPPRECIATED,Wet Tropics
1,UNCERTAIN,Mackay Whitsunday
1,UNDER,Burnett Mary
1,UNDER,Fitzroy
1,UNDERSEA,Burdekin
1,UNDERSTOOD,Burdekin
1,UNDERWATER,Fitzroy
1,UNESCO,Burdekin
1,UNHEALTHY,Fitzroy
1,UNIQUENESS,Wet Tropics
1,UNKNOWN,Burdekin
1,UNKNOWN,Wet Tropics
1,UNLESS,Mackay Whitsunday
1,UNPROTECTED,Burdekin
1,UNPROTECTED,Mackay Whitsunday
1,UNREALISTIC,Mackay Whitsunday
1,UNRELIABLE,Mackay Whitsunday
1,UNSPOILED,Wet Tropics
1,UNSPOILT,Mackay Whitsunday
1,UNTHINKING,Burdekin
1,UNTOUCHED,Burdekin
1,UNTOUCHED,Burnett Mary
1,UNTOUCHED,Wet Tropics
1,UNUSUAL,Burdekin
1,UPLIFTING,Mackay Whitsunday
1,US,Wet Tropics
1,USE,Mackay Whitsunday
1,USED,Burdekin
1,USERS,Mackay Whitsunday
1,VACATION,Burdekin
1,VACATION,Mackay Whitsunday
1,VALUABLE,Fitzroy
1,VALUABLE,Mackay Whitsunday
1,VALUED,Burdekin
1,VARIETY,Burnett Mary
1,VARIETY,Mackay Whitsunday
1,VARIETY,Wet Tropics
1,VARIOUS,Wet Tropics
1,VAST,Fitzroy
1,VAST,Wet Tropics
1,VASTNESS,Wet Tropics
1,VEGETATIONS,Burdekin
1,VESSELS,Mackay Whitsunday
1,VIA,Mackay Whitsunday
1,VIBRANT,Fitzroy
1,VISIBILITY,Mackay Whitsunday
1,VISIBILITY,Wet Tropics
1,VISIBLE,Burdekin
1,VISIBLE,Wet Tropics
1,VISIT,Fitzroy
1,VISIT,Wet Tropics
1,VISITORS,Mackay Whitsunday
1,VISUAL,Burdekin
1,VISUAL,Cape York
1,VISUAL,Mackay Whitsunday
1,WANNA,Wet Tropics
1,WANTS,Mackay Whitsunday
1,WARM,Burdekin
1,WARMING,Fitzroy
1,WAS,Fitzroy
1,WASHED,Burdekin
1,WASN'T,Mackay Whitsunday
1,WASTED,Burdekin
1,WASTING,Wet Tropics
1,WATCH,Fitzroy
1,WATERS,Wet Tropics
1,WAVE,Wet Tropics
1,WAVES,Burdekin
1,WAVES,Fitzroy
1,WE'LL,Mackay Whitsunday
1,WEATHE,Wet Tropics
1,WEATHER,Burdekin
1,WEATHER,Mackay Whitsunday
1,WEDNESDAY,Wet Tropics
1,WEED,Burdekin
1,WELL,Burdekin
1,WELL,Mackay Whitsunday
1,WET,Burdekin
1,WET,Wet Tropics
1,WHALE,Wet Tropics
1,WHAT,Wet Tropics
1,WHEN,Wet Tropics
1,WHICH,Mackay Whitsunday
1,WHICH,Wet Tropics
1,WHITE,Fitzroy
1,WHITSUNDAYS,Burdekin
1,WHITSUNDAYS,Fitzroy
1,WHO,Mackay Whitsunday
1,WHOSE,Burdekin
1,WIDE,Fitzroy
1,WIDE,Mackay Whitsunday
1,WILD,Burdekin
1,WILD,Fitzroy
1,WIND,Wet Tropics
1,WISH,Burdekin
1,WITH,Burdekin
1,WITH,Wet Tropics
1,WITHIN,Wet Tropics
1,WON'T,Burdekin
1,WONDEROUS,Fitzroy
1,WONDEROUS,Wet Tropics
1,WONDERS,Burnett Mary
1,WONDROUS,Burdekin
1,WORD,Wet Tropics
1,WORK,Burdekin
1,WORK!,Wet Tropics
1,WORLDS,Burdekin
1,WORLDS,Fitzroy
1,WORRIED,Burnett Mary
1,WORRY,Burnett Mary
1,WORRY,Mackay Whitsunday
1,WORRYING,Wet Tropics
1,WORTH,Mackay Whitsunday
1,WORTH,Wet Tropics
1,WOULD,Mackay Whitsunday
1,YEARS,Burnett Mary
1,YEARS,Fitzroy
1,YES,Burdekin
1,YET,Burdekin
1,YONGALA,Burdekin
1,YOU,Burdekin
1,YOU,Mackay Whitsunday
1,YOUR,Mackay Whitsunday
1,ZIGZAG,Mackay Whitsunday
1,ZONES,Wet Tropics
